{"pitch": [-2.917079304729959, 11.391254536985766, 207.63098600266036, 46.77559025098996], "energy": [-1.431044578552246, 8.184337615966797, 37.32621679053791, 26.04418078283584]}