{"pitch": [-1.708902188020095, 2.0785757495164723, 443.0501326811689, 218.4663556793928], "energy": [-0.9907374382019043, 7.578153610229492, 25.097986760282307, 25.318152928957378]}